<PAMDataset>
  <SRS>PROJCS["unknown",GEOGCS["GCS_unknown",DATUM["Unknown_based_on_Bessel_1841_ellipsoid",SPHEROID["Bessel_1841",6377397.155,299.1528128]],PRIMEM["Greenwich",0.0],UNIT["Degree",0.0174532925199433]],PROJECTION["Lambert_Conformal_Conic_1SP"],PARAMETER["False_Easting",800000.0],PARAMETER["False_Northing",601000.0],PARAMETER["Central_Meridian",14.0],PARAMETER["Scale_Factor",1.0],PARAMETER["Latitude_Of_Origin",45.9],UNIT["Meter",1.0]]</SRS>
  <GeoTransform>  6.2531482995086443e+05,  1.0667543566518896e+00, -3.2417340133330592e-02,  4.3131441235196515e+05, -2.9869634342887350e-02, -1.0738615433469278e+00</GeoTransform>
  <Metadata domain="IMAGE_STRUCTURE">
    <MDI key="COMPRESSION">JPEG</MDI>
    <MDI key="INTERLEAVE">PIXEL</MDI>
    <MDI key="SOURCE_COLOR_SPACE">YCbCr</MDI>
  </Metadata>
  <Metadata>
    <MDI key="COMMENT">107 - Main frame</MDI>
    <MDI key="DataType">Processed</MDI>
    <MDI key="EXIF_Artist">Geographical Section General Staff;Army Map Service</MDI>
    <MDI key="EXIF_Copyright">Domena Publiczna / Public Domain</MDI>
    <MDI key="EXIF_ImageDescription">GSGS 4228 Italy 1:25 000</MDI>
  </Metadata>
  <Metadata domain="xml:ESRI" format="xml">
    <GeodataXform xsi:type="typens:ProjectiveXform" xmlns:xsi="http://www.w3.org/2001/XMLSchema-instance" xmlns:xs="http://www.w3.org/2001/XMLSchema" xmlns:typens="http://www.esri.com/schemas/ArcGIS/10.8">
      <SpatialReference xsi:type="typens:ProjectedCoordinateSystem">
        <WKT>PROJCS["unknown",GEOGCS["GCS_unknown",DATUM["D_Unknown_based_on_Bessel_1841_ellipsoid",SPHEROID["Bessel_1841",6377397.155,299.1528128]],PRIMEM["Greenwich",0.0],UNIT["Degree",0.0174532925199433]],PROJECTION["Lambert_Conformal_Conic"],PARAMETER["False_Easting",800000.0],PARAMETER["False_Northing",601000.0],PARAMETER["Central_Meridian",14.0],PARAMETER["Standard_Parallel_1",45.9],PARAMETER["Scale_Factor",1.0],PARAMETER["Latitude_Of_Origin",45.9],UNIT["Meter",1.0]]</WKT>
        <XOrigin>-35569600</XOrigin>
        <YOrigin>-29577800</YOrigin>
        <XYScale>123828681.8488654</XYScale>
        <ZOrigin>-100000</ZOrigin>
        <ZScale>10000</ZScale>
        <MOrigin>-100000</MOrigin>
        <MScale>10000</MScale>
        <XYTolerance>0.001</XYTolerance>
        <ZTolerance>0.001</ZTolerance>
        <MTolerance>0.001</MTolerance>
        <HighPrecision>true</HighPrecision>
      </SpatialReference>
      <SourceGCPs xsi:type="typens:ArrayOfDouble">
        <Double>10061.08840360411</Double>
        <Double>-1877.3562414193875</Double>
        <Double>1657.763691461063</Double>
        <Double>-2106.8864683134016</Double>
        <Double>10340.307648659737</Double>
        <Double>-10246.605833526643</Double>
        <Double>1856.1606650482681</Double>
        <Double>-9555.5582708315924</Double>
      </SourceGCPs>
      <TargetGCPs xsi:type="typens:ArrayOfDouble">
        <Double>636000</Double>
        <Double>429000</Double>
        <Double>627000</Double>
        <Double>429000</Double>
        <Double>636000</Double>
        <Double>420000</Double>
        <Double>627000</Double>
        <Double>421000</Double>
      </TargetGCPs>
    </GeodataXform>
  </Metadata>
  <GCPList Projection="PROJCS[&quot;unknown&quot;,GEOGCS[&quot;unknown&quot;,DATUM[&quot;D_Unknown_based_on_Bessel_1841_ellipsoid&quot;,SPHEROID[&quot;Bessel 1841&quot;,6377397.155,299.1528128,AUTHORITY[&quot;EPSG&quot;,&quot;7004&quot;]]],PRIMEM[&quot;Greenwich&quot;,0],UNIT[&quot;Degree&quot;,0.0174532925199433]],PROJECTION[&quot;Lambert_Conformal_Conic_1SP&quot;],PARAMETER[&quot;latitude_of_origin&quot;,45.9],PARAMETER[&quot;central_meridian&quot;,14],PARAMETER[&quot;scale_factor&quot;,1],PARAMETER[&quot;false_easting&quot;,800000],PARAMETER[&quot;false_northing&quot;,601000],UNIT[&quot;metre&quot;,1,AUTHORITY[&quot;EPSG&quot;,&quot;9001&quot;]],AXIS[&quot;Easting&quot;,EAST],AXIS[&quot;Northing&quot;,NORTH]]">
    <GCP Id="" Pixel="10061.0884" Line="1877.3562" X="6.360000000000E+05" Y="4.290000000000E+05" />
    <GCP Id="" Pixel="1657.7637" Line="2106.8865" X="6.270000000000E+05" Y="4.290000000000E+05" />
    <GCP Id="" Pixel="10340.3076" Line="10246.6058" X="6.360000000000E+05" Y="4.200000000000E+05" />
    <GCP Id="" Pixel="1856.1607" Line="9555.5583" X="6.270000000000E+05" Y="4.210000000000E+05" />
  </GCPList>
  <PAMRasterBand band="1">
    <Histograms>
      <HistItem>
        <HistMin>-0.5</HistMin>
        <HistMax>255.5</HistMax>
        <BucketCount>256</BucketCount>
        <IncludeOutOfRange>1</IncludeOutOfRange>
        <Approximate>0</Approximate>
        <HistCounts>0|0|0|0|0|0|0|0|0|0|0|0|0|0|0|0|0|0|0|0|1|0|0|0|1|4|6|4|13|24|43|58|116|209|342|569|1163|1908|3532|6213|10887|18987|30994|50266|75827|110987|156170|209739|271864|340346|414107|487127|552297|609786|655498|681366|693870|693560|679106|649373|611588|567001|517555|463108|403920|345528|292074|245441|203524|164385|132259|104255|81128|62512|47587|36337|27216|20452|15389|11670|8971|7030|5803|4913|4609|4042|4113|3887|3940|3838|3998|3884|4157|4057|4171|4466|4728|4892|5161|5434|5670|5429|5763|5901|5994|6012|6184|6193|6244|6301|6307|6300|6274|6013|5985|5913|5726|5863|5749|5808|6010|6197|6510|6859|7711|8900|10396|12464|15379|18966|24066|29912|38390|47923|61004|76347|96225|121034|148916|183126|221455|265001|314193|368235|424787|485494|546411|605829|663994|717538|759802|798778|827113|844426|852592|850876|840548|824002|799747|767941|734637|699147|660824|620608|582250|541477|503899|469753|435332|407208|383052|360656|342421|325912|312691|303697|298231|295357|295290|294888|292230|288727|284456|277481|271618|266542|261685|258102|254578|253954|254543|257311|261095|269864|280541|296217|319809|352666|403045|478249|598584|784677|1087477|1583550|2393231|3706398|5743424|8698191|12693706|17037773|19973531|19547887|15191643|8984344|4326842|1890876|882563|490761|312863|212124|146181|100690|68846|46193|30514|20082|12762|8357|5266|3238|2176|1299|811|553|333|225|158|107|73|31|30|26|14|14|8|2|1|3|2|1|1|0|0|0|0|1</HistCounts>
      </HistItem>
    </Histograms>
    <Metadata domain="IMAGE_STRUCTURE">
      <MDI key="COMPRESSION">JPEG</MDI>
    </Metadata>
    <Metadata>
      <MDI key="STATISTICS_COVARIANCES">1712.504745718481</MDI>
      <MDI key="STATISTICS_MAXIMUM">255</MDI>
      <MDI key="STATISTICS_MEAN">191.05848090034</MDI>
      <MDI key="STATISTICS_MINIMUM">20</MDI>
      <MDI key="STATISTICS_SKIPFACTORX">1</MDI>
      <MDI key="STATISTICS_SKIPFACTORY">1</MDI>
      <MDI key="STATISTICS_STDDEV">41.382420732945</MDI>
    </Metadata>
  </PAMRasterBand>
  <PAMRasterBand band="2">
    <Histograms>
      <HistItem>
        <HistMin>-0.5</HistMin>
        <HistMax>233.5</HistMax>
        <BucketCount>234</BucketCount>
        <IncludeOutOfRange>1</IncludeOutOfRange>
        <Approximate>0</Approximate>
        <HistCounts>0|0|0|0|0|0|0|0|0|0|0|0|0|0|0|0|0|0|0|1|0|0|0|1|5|6|7|21|40|64|89|181|365|645|1119|2182|4070|7654|13917|24877|43127|69532|108539|156131|218003|289989|375083|462456|549868|626774|688659|730916|754866|760812|745689|714070|670464|613596|552492|484008|413008|346149|288652|237532|189897|151063|117068|90852|70323|53903|43498|36844|34730|36899|41043|46885|52759|59160|65329|71194|73450|73913|70351|65145|59068|52692|46425|40565|35766|31542|28189|25197|23066|21424|19694|18736|18164|18102|18121|18796|19755|21256|23628|27029|31388|37838|45645|56842|70453|89000|110528|138433|171806|210810|252738|298930|346512|398998|452205|504896|555251|601436|638186|674250|701758|723310|735423|740090|738074|728875|718209|704253|687784|665854|641110|614575|585695|560158|532708|504173|475143|446890|417511|391512|367820|347591|328070|312791|297857|283212|270938|260315|250813|242256|234457|228547|224479|219899|216162|214126|211506|209264|209692|208999|208940|209862|209173|209273|210532|211711|214041|216675|220237|223670|228363|233020|238078|243820|252336|262963|274267|288496|304969|325910|352613|389307|441933|521305|644294|843683|1180338|1742103|2653332|4063782|6137668|8998541|12700157|16668637|19356603|19040598|14995280|8816590|3999226|1519751|566080|238946|117155|62701|34160|19145|10504|5647|3177|1706|949|494|280|150|74|40|21|23|12|11|6|9|3|3|0|0|0|0|0|1</HistCounts>
      </HistItem>
    </Histograms>
    <Metadata domain="IMAGE_STRUCTURE">
      <MDI key="COMPRESSION">JPEG</MDI>
    </Metadata>
    <Metadata>
      <MDI key="STATISTICS_COVARIANCES">1742.80356552586</MDI>
      <MDI key="STATISTICS_MAXIMUM">233</MDI>
      <MDI key="STATISTICS_MEAN">176.90813788295</MDI>
      <MDI key="STATISTICS_MINIMUM">19</MDI>
      <MDI key="STATISTICS_SKIPFACTORX">1</MDI>
      <MDI key="STATISTICS_SKIPFACTORY">1</MDI>
      <MDI key="STATISTICS_STDDEV">41.74689887316</MDI>
    </Metadata>
  </PAMRasterBand>
  <PAMRasterBand band="3">
    <Histograms>
      <HistItem>
        <HistMin>-0.5</HistMin>
        <HistMax>230.5</HistMax>
        <BucketCount>231</BucketCount>
        <IncludeOutOfRange>1</IncludeOutOfRange>
        <Approximate>0</Approximate>
        <HistCounts>0|0|0|0|0|0|0|0|0|0|0|0|0|0|0|1|0|0|0|2|5|6|6|20|33|54|97|143|292|468|795|1534|2637|4966|8968|16521|29489|50441|82370|126562|184727|257612|342937|436025|532362|620788|697364|752135|786297|796252|784573|748374|697735|637150|570324|497580|426831|358670|298772|248643|207367|179340|162402|155433|152981|148138|138748|125514|111709|99586|90429|86760|88648|96202|109857|132093|159407|195238|238215|287624|342579|402595|461636|522860|578038|628991|673421|709688|736471|753435|760578|760931|754321|742543|720700|697103|669610|641190|609367|578729|545907|514520|483952|453826|427119|399722|377417|355198|335809|316614|300727|285304|272497|259477|249488|239537|231937|224083|217444|211915|206978|202803|199852|196213|194238|191610|190784|187917|187059|186578|185866|185697|184872|185599|186181|186862|188521|188784|188780|192052|192562|195138|197033|200108|202402|206482|209832|212491|217166|222692|227682|234319|243685|251843|261652|274212|288152|306232|329443|360448|397393|455860|534779|655232|837292|1119184|1546791|2169895|3034728|4192418|5651057|7378922|9350066|11361157|12889535|13366380|12558884|10930192|9072731|6857350|4745489|2892967|1546970|747996|340364|155642|76095|39525|21446|12006|6680|3644|2108|1271|754|512|308|213|117|103|54|32|27|21|16|9|5|10|9|3|2|0|0|0|1|0|0|0|1|0|0|0|0|0|0|0|0|0|0|0|1</HistCounts>
      </HistItem>
    </Histograms>
    <Metadata domain="IMAGE_STRUCTURE">
      <MDI key="COMPRESSION">JPEG</MDI>
    </Metadata>
    <Metadata>
      <MDI key="STATISTICS_COVARIANCES">1588.118740281689</MDI>
      <MDI key="STATISTICS_MAXIMUM">230</MDI>
      <MDI key="STATISTICS_MEAN">153.36123072961</MDI>
      <MDI key="STATISTICS_MINIMUM">15</MDI>
      <MDI key="STATISTICS_SKIPFACTORX">1</MDI>
      <MDI key="STATISTICS_SKIPFACTORY">1</MDI>
      <MDI key="STATISTICS_STDDEV">39.851207513471</MDI>
    </Metadata>
  </PAMRasterBand>
</PAMDataset>
