<PAMDataset>
  <SRS dataAxisToSRSAxisMapping="1,2">PROJCS["unknown",GEOGCS["unknown",DATUM["D_Unknown_based_on_Bessel_1841_ellipsoid",SPHEROID["Bessel 1841",6377397.155,299.152812800003,AUTHORITY["EPSG","7004"]]],PRIMEM["Greenwich",0],UNIT["degree",0.0174532925199433,AUTHORITY["EPSG","9122"]]],PROJECTION["Lambert_Conformal_Conic_1SP"],PARAMETER["latitude_of_origin",45.9],PARAMETER["central_meridian",14],PARAMETER["scale_factor",1],PARAMETER["false_easting",800000],PARAMETER["false_northing",601000],UNIT["metre",1,AUTHORITY["EPSG","9001"]],AXIS["Easting",EAST],AXIS["Northing",NORTH]]</SRS>
  <GeoTransform>  6.2492653136504313e+05,  1.0667543566518889e+00,  0.0000000000000000e+00,  4.3131441235196521e+05,  0.0000000000000000e+00, -1.0738615433469281e+00</GeoTransform>
  <Metadata>
    <MDI key="AREA_OR_POINT">Area</MDI>
  </Metadata>
  <Metadata domain="IMAGE_STRUCTURE">
    <MDI key="SOURCE_COLOR_SPACE">YCbCr</MDI>
    <MDI key="INTERLEAVE">PIXEL</MDI>
    <MDI key="COMPRESSION">JPEG</MDI>
  </Metadata>
  <PAMRasterBand band="1">
    <Description>GSGS_4228_ITALY_25K_99_I_NE_FAENZA_1st_ed_SCISLE_TAJNE_3.1945_nnxr4pz_BN_Sygn._ZZK_S-10_257_A_1</Description>
    <NoDataValue le_hex_equiv="000000000000F87F">nan</NoDataValue>
    <Metadata>
      <MDI key="STATISTICS_MAXIMUM">245</MDI>
      <MDI key="STATISTICS_MEAN">-9999</MDI>
      <MDI key="STATISTICS_MINIMUM">25</MDI>
      <MDI key="STATISTICS_STDDEV">-9999</MDI>
    </Metadata>
    <Metadata domain="IMAGE_STRUCTURE">
      <MDI key="COMPRESSION">JPEG</MDI>
    </Metadata>
  </PAMRasterBand>
  <PAMRasterBand band="2">
    <Description>GSGS_4228_ITALY_25K_99_I_NE_FAENZA_1st_ed_SCISLE_TAJNE_3.1945_nnxr4pz_BN_Sygn._ZZK_S-10_257_A_2</Description>
    <NoDataValue le_hex_equiv="000000000000F87F">nan</NoDataValue>
    <Metadata>
      <MDI key="STATISTICS_MAXIMUM">223</MDI>
      <MDI key="STATISTICS_MEAN">-9999</MDI>
      <MDI key="STATISTICS_MINIMUM">24</MDI>
      <MDI key="STATISTICS_STDDEV">-9999</MDI>
    </Metadata>
    <Metadata domain="IMAGE_STRUCTURE">
      <MDI key="COMPRESSION">JPEG</MDI>
    </Metadata>
  </PAMRasterBand>
  <PAMRasterBand band="3">
    <Description>GSGS_4228_ITALY_25K_99_I_NE_FAENZA_1st_ed_SCISLE_TAJNE_3.1945_nnxr4pz_BN_Sygn._ZZK_S-10_257_A_3</Description>
    <NoDataValue le_hex_equiv="000000000000F87F">nan</NoDataValue>
    <Metadata>
      <MDI key="STATISTICS_MAXIMUM">213</MDI>
      <MDI key="STATISTICS_MEAN">-9999</MDI>
      <MDI key="STATISTICS_MINIMUM">20</MDI>
      <MDI key="STATISTICS_STDDEV">-9999</MDI>
    </Metadata>
    <Metadata domain="IMAGE_STRUCTURE">
      <MDI key="COMPRESSION">JPEG</MDI>
    </Metadata>
  </PAMRasterBand>
</PAMDataset>
